kind,M,k,d,neg_ratio,trials,mean_ratio,rsd_emp,rsd_theory,rsd_emp_over_theory,q05_emp,q05_chi2,q05_normal,q50_emp,q95_emp,q95_chi2,fail_rate,failed_n,failed_mean_ratio,failed_q05,lemma5_rel_bound,q01_emp,q01_chi2,failed_q01,failed_q05_oslcb95,failed_q01_oslcb95,q99_emp,q99_chi2
grid,512,3,205,0,1000000,1.000081,0.062445,0.062408,1.0006,0.9000,0.8994,0.8973,0.9982,1.1061,1.1051,0.00100,1000,1.011277,0.9066,1.97254,0.8641,0.8602,0.8673,0.9000,0.8444,1.1552,1.1513
grid,512,3,410,0,1000000,1.000017,0.062443,0.062485,0.9993,0.9005,0.8994,0.8972,0.9986,1.1049,1.1051,0.42153,421532,1.022217,0.9250,0.07320,0.8612,0.8602,0.8890,0.9250,0.8874,1.1524,1.1513
grid,512,3,819,0,1000000,0.999948,0.062592,0.062523,1.0011,0.9000,0.8994,0.8972,0.9982,1.1055,1.1051,1.00000,1000000,0.999948,0.9000,NaN,0.8607,0.8602,0.8607,0.8992,0.8607,1.1522,1.1513
grid,512,3,4096,0,1000000,0.999952,0.062516,0.062553,0.9994,0.8995,0.8994,0.8971,0.9987,1.1051,1.1051,1.00000,1000000,0.999952,0.8995,NaN,0.8603,0.8602,0.8603,0.8993,0.8600,1.1509,1.1513
grid,512,3,205,0.1,1000000,0.999932,0.062259,0.062408,0.9976,0.8995,0.8994,0.8973,0.9977,1.1056,1.1051,0.00100,995,1.008202,0.9116,1.97749,0.8603,0.8602,0.8766,0.9061,0.8603,1.1514,1.1513
grid,512,3,410,0.1,1000000,1.000062,0.062511,0.062485,1.0004,0.9003,0.8994,0.8972,0.9984,1.1047,1.1051,0.42195,421951,1.014364,0.9150,0.07314,0.8610,0.8602,0.8774,0.9150,0.8758,1.1522,1.1513
grid,512,3,819,0.1,1000000,0.999963,0.062555,0.062523,1.0005,0.8997,0.8994,0.8972,0.9987,1.1052,1.1051,1.00000,1000000,0.999963,0.8997,NaN,0.8604,0.8602,0.8604,0.8997,0.8604,1.1519,1.1513
grid,512,3,4096,0.1,1000000,0.999961,0.062537,0.062553,0.9997,0.8995,0.8994,0.8971,0.9986,1.1051,1.1051,1.00000,1000000,0.999961,0.8995,NaN,0.8604,0.8602,0.8604,0.8992,0.8601,1.1512,1.1513
grid,512,3,205,0.5,1000000,0.999950,0.062424,0.062408,1.0003,0.8979,0.8994,0.8973,0.9993,1.1040,1.1051,0.00098,980,0.999700,0.8979,1.99258,0.8619,0.8602,0.8664,0.8914,0.8423,1.1498,1.1513
grid,512,3,410,0.5,1000000,1.000030,0.062465,0.062485,0.9997,0.8996,0.8994,0.8972,0.9994,1.1040,1.1051,0.42216,422160,1.000001,0.8996,0.07310,0.8603,0.8602,0.8603,0.8996,0.8587,1.1515,1.1513
grid,512,3,819,0.5,1000000,1.000010,0.062522,0.062523,1.0000,0.8994,0.8994,0.8972,0.9985,1.1050,1.1051,1.00000,1000000,1.000010,0.8994,NaN,0.8601,0.8602,0.8601,0.8994,0.8601,1.1508,1.1513
grid,512,3,4096,0.5,1000000,0.999876,0.062568,0.062553,1.0002,0.8993,0.8994,0.8971,0.9985,1.1049,1.1051,1.00000,1000000,0.999876,0.8993,NaN,0.8602,0.8602,0.8602,0.8990,0.8597,1.1511,1.1513
grid,512,3,205,0.9,1000000,1.000026,0.062382,0.062408,0.9996,0.9003,0.8994,0.8973,0.9984,1.1064,1.1051,0.00099,987,1.007377,0.9036,1.98550,0.8610,0.8602,0.8676,0.8937,0.8512,1.1522,1.1513
grid,512,3,410,0.9,1000000,0.999955,0.062523,0.062485,1.0006,0.9003,0.8994,0.8972,0.9984,1.1047,1.1051,0.42239,422391,1.014202,0.9150,0.07307,0.8610,0.8602,0.8774,0.9150,0.8774,1.1522,1.1513
grid,512,3,819,0.9,1000000,0.999916,0.062557,0.062523,1.0005,0.8997,0.8994,0.8972,0.9987,1.1052,1.1051,1.00000,1000000,0.999916,0.8997,NaN,0.8604,0.8602,0.8604,0.8989,0.8604,1.1510,1.1513
grid,512,3,4096,0.9,1000000,0.999959,0.062513,0.062553,0.9993,0.8994,0.8994,0.8971,0.9986,1.1051,1.1051,1.00000,1000000,0.999959,0.8994,NaN,0.8604,0.8602,0.8604,0.8992,0.8599,1.1516,1.1513
grid,512,3,205,-1,1000000,1.000042,0.062337,0.062408,0.9989,0.8998,0.8994,0.8973,0.9991,1.1041,1.1051,0.00101,1005,0.997059,0.8978,1.96762,0.8606,0.8602,0.8651,0.8925,0.8323,1.1508,1.1513
grid,512,3,410,-1,1000000,1.000046,0.062372,0.062485,0.9982,0.8996,0.8994,0.8972,0.9989,1.1048,1.1051,0.42176,421758,1.000109,0.8992,0.07316,0.8603,0.8602,0.8598,0.8991,0.8589,1.1510,1.1513
grid,512,3,819,-1,1000000,0.999911,0.062465,0.062523,0.9991,0.8995,0.8994,0.8972,0.9986,1.1048,1.1051,1.00000,1000000,0.999911,0.8995,NaN,0.8604,0.8602,0.8604,0.8994,0.8601,1.1511,1.1513
grid,512,3,4096,-1,1000000,0.999905,0.062479,0.062553,0.9988,0.8993,0.8994,0.8971,0.9986,1.1050,1.1051,1.00000,1000000,0.999905,0.8993,NaN,0.8603,0.8602,0.8603,0.8991,0.8600,1.1510,1.1513
grid,512,4,205,0,1000000,1.000064,0.062468,0.062408,1.0010,0.9006,0.8994,0.8973,0.9989,1.1046,1.1051,0.00001,8,1.027809,0.9752,22.06460,0.8613,0.8602,0.9745,0.9743,0.9743,1.1538,1.1513
grid,512,4,410,0,1000000,0.999957,0.062434,0.062485,0.9992,0.9002,0.8994,0.8972,0.9986,1.1055,1.1051,0.99383,993833,0.999954,0.9002,0.00492,0.8609,0.8602,0.8609,0.9002,0.8609,1.1522,1.1513
grid,512,4,819,0,1000000,0.999946,0.062534,0.062523,1.0002,0.8998,0.8994,0.8972,0.9983,1.1053,1.1051,1.00000,1000000,0.999946,0.8998,NaN,0.8604,0.8602,0.8604,0.8992,0.8598,1.1515,1.1513
grid,512,4,4096,0,1000000,0.999994,0.062573,0.062553,1.0003,0.8994,0.8994,0.8971,0.9986,1.1052,1.1051,1.00000,1000000,0.999994,0.8994,NaN,0.8602,0.8602,0.8602,0.8992,0.8600,1.1516,1.1513
grid,512,4,205,0.1,1000000,0.999974,0.062512,0.062408,1.0017,0.8994,0.8994,0.8973,0.9977,1.1059,1.1051,0.00001,5,0.992779,0.9215,27.90979,0.8600,0.8602,0.9156,0.9141,0.9141,1.1526,1.1513
grid,512,4,410,0.1,1000000,1.000024,0.062433,0.062485,0.9992,0.8997,0.8994,0.8972,0.9993,1.1050,1.1051,0.99382,993819,1.000022,0.8997,0.00493,0.8616,0.8602,0.8616,0.8997,0.8604,1.1517,1.1513
grid,512,4,819,0.1,1000000,0.999915,0.062536,0.062523,1.0002,0.8993,0.8994,0.8972,0.9983,1.1048,1.1051,1.00000,1000000,0.999915,0.8993,NaN,0.8605,0.8602,0.8605,0.8993,0.8599,1.1509,1.1513
grid,512,4,4096,0.1,1000000,1.000074,0.062509,0.062553,0.9993,0.8995,0.8994,0.8971,0.9989,1.1048,1.1051,1.00000,1000000,1.000074,0.8995,NaN,0.8603,0.8602,0.8603,0.8992,0.8601,1.1511,1.1513
grid,512,4,205,0.5,1000000,1.000099,0.062376,0.062408,0.9995,0.8997,0.8994,0.8973,0.9980,1.1037,1.1051,0.00001,9,1.009474,0.9611,20.80269,0.8603,0.8602,0.9611,0.9611,0.9611,1.1504,1.1513
grid,512,4,410,0.5,1000000,0.999939,0.062443,0.062485,0.9993,0.8997,0.8994,0.8972,0.9980,1.1050,1.1051,0.99400,993996,0.999938,0.8997,0.00486,0.8604,0.8602,0.8604,0.8997,0.8592,1.1505,1.1513
grid,512,4,819,0.5,1000000,1.000016,0.062399,0.062523,0.9980,0.8996,0.8994,0.8972,0.9986,1.1045,1.1051,1.00000,1000000,1.000016,0.8996,NaN,0.8602,0.8602,0.8602,0.8996,0.8602,1.1506,1.1513
grid,512,4,4096,0.5,1000000,0.999856,0.062554,0.062553,1.0000,0.8994,0.8994,0.8971,0.9985,1.1049,1.1051,1.00000,1000000,0.999856,0.8994,NaN,0.8600,0.8602,0.8600,0.8992,0.8596,1.1512,1.1513
grid,512,4,205,0.9,1000000,0.999968,0.062442,0.062408,1.0005,0.9012,0.8994,0.8973,0.9995,1.1052,1.1051,0.00001,6,0.987658,0.8815,25.47803,0.8619,0.8602,0.8678,0.8643,0.8643,1.1519,1.1513
grid,512,4,410,0.9,1000000,1.000095,0.062493,0.062485,1.0001,0.8997,0.8994,0.8972,0.9980,1.1050,1.1051,0.99399,993988,1.000082,0.8997,0.00486,0.8616,0.8602,0.8616,0.8997,0.8604,1.1517,1.1513
grid,512,4,819,0.9,1000000,1.000029,0.062496,0.062523,0.9996,0.8993,0.8994,0.8972,0.9989,1.1054,1.1051,1.00000,1000000,1.000029,0.8993,NaN,0.8611,0.8602,0.8611,0.8993,0.8605,1.1509,1.1513
grid,512,4,4096,0.9,1000000,1.000115,0.062543,0.062553,0.9998,0.8995,0.8994,0.8971,0.9989,1.1053,1.1051,1.00000,1000000,1.000115,0.8995,NaN,0.8605,0.8602,0.8605,0.8992,0.8601,1.1515,1.1513
grid,512,4,205,-1,1000000,0.999978,0.062354,0.062408,0.9991,0.8997,0.8994,0.8973,0.9986,1.1046,1.1051,0.00000,4,0.974035,0.9071,31.20411,0.8603,0.8602,0.9014,0.9000,0.9000,1.1507,1.1513
grid,512,4,410,-1,1000000,0.999979,0.062456,0.062485,0.9995,0.8996,0.8994,0.8972,0.9986,1.1049,1.1051,0.99398,993978,0.999979,0.8996,0.00486,0.8603,0.8602,0.8603,0.8994,0.8601,1.1510,1.1513
grid,512,4,819,-1,1000000,1.000082,0.062527,0.062523,1.0001,0.8995,0.8994,0.8972,0.9987,1.1050,1.1051,1.00000,1000000,1.000082,0.8995,NaN,0.8602,0.8602,0.8602,0.8993,0.8598,1.1512,1.1513
grid,512,4,4096,-1,1000000,1.000069,0.062590,0.062553,1.0006,0.8995,0.8994,0.8971,0.9988,1.1052,1.1051,1.00000,1000000,1.000069,0.8995,NaN,0.8602,0.8602,0.8602,0.8992,0.8600,1.1513,1.1513
