M,k,d,load,sign_mode,neg_ratio,rho,abs_rho,trials,failed_n,success_n,fail_rate,failed_mean,failed_variance,variance_ratio_to_unconditional_exact,effective_df_from_moments,ks_failed_vs_chi2,ks_all_vs_chi2,ks_failed_vs_all,ks_failed_vs_success,failed_q01,chi2_q01,error_q01,failed_q50,chi2_q50,error_q50,failed_q99,chi2_q99,error_q99,rho2,mean_bias
256,3,195,0.76171875,fixed:0.5,0.5,-0.0051282051282051,0.0051282051282051,1000000,139702,860298,0.139702,0.9997539779522844,0.0080517573365617,1.0318908081456997,248.27077485130192,0.0115359915583238,0.0085908641252013,0.0050236355528195,0.0058394132647286,0.80423634,0.8055720643512272,-0.0013357243512271,0.99795953,0.997386839503964,0.000572690496036,1.21935745,1.2174799538035523,0.0018774961964476,2.629848783694908e-05,-0.00024602204771562164
256,3,195,0.76171875,fixed:0.45,0.45,0.0974358974358974,0.0974358974358974,1000000,139094,860906,0.139094,1.000390394106072,0.0079952515407527,1.0246491826389978,250.34382858840672,0.0102054138240331,0.0086057562263509,0.0034898306612793,0.0040536721329383,0.80310125,0.8055720643512272,-0.0024708143512272,0.99682443,0.997386839503964,-0.000562409503964,1.21822236,1.2174799538035523,0.0007424061964476,0.009493754109138717,0.0003903941060718896
256,3,195,0.76171875,fixed:0.4,0.4,0.2,0.2,1000000,139218,860782,0.139218,1.001905900920714,0.0080673674613228,1.0338913582842182,248.8582400919052,0.0181779931654979,0.0081961158012314,0.0106568403080061,0.0123804172345682,0.80520928,0.8055720643512272,-0.0003627843512271,0.99893247,0.997386839503964,0.0015456304960359,1.22378974,1.2174799538035523,0.0063097861964476,0.04000000000000001,0.0019059009207140765
256,3,195,0.76171875,fixed:0.35,0.35,0.3025641025641025,0.3025641025641025,1000000,138848,861152,0.138848,1.0050482183477614,0.0079810200743369,1.0228253175165132,253.1310313206856,0.0309274363760377,0.0081665069980466,0.0232555671813782,0.0270051828032428,0.81056045,0.8055720643512272,0.0049883856487727,1.0008243,0.997386839503964,0.0034374604960358,1.22568156,1.2174799538035523,0.0082016061964476,0.09154503616042073,0.0050482183477613685
256,3,195,0.76171875,fixed:0.3,0.3,0.3948717948717948,0.3948717948717948,1000000,139347,860653,0.139347,1.008493487850474,0.0080097034519782,1.0265012993546834,253.95674662227927,0.0464730931964549,0.0081965420961385,0.0388727622338479,0.0451665912206753,0.81391169,0.8055720643512272,0.0083396256487727,1.00417553,0.997386839503964,0.0067886904960359,1.2290328,1.2174799538035523,0.0115528461964475,0.1559237343852728,0.008493487850474102
256,3,195,0.76171875,fixed:0.25,0.25,0.4974358974358974,0.4974358974358974,1000000,139548,860452,0.139548,1.014152594754708,0.0080306598723369,1.029187015855552,256.14470088331865,0.0711095941263739,0.0087234207711539,0.0642638400550347,0.0746861417662284,0.81677646,0.8055720643512272,0.0112043956487728,1.01049965,0.997386839503964,0.013112810496036,1.23535691,1.2174799538035523,0.0178769561964475,0.24744247205785663,0.014152594754708092
256,3,195,0.76171875,fixed:0.2,0.2,0.6,0.6,1000000,138872,861128,0.138872,1.0200855723540383,0.0079898710696599,1.0239596364403178,260.47343338899384,0.0972090074447395,0.0086154581284277,0.089937057837433,0.1044409865170253,0.82288436,0.8055720643512272,0.0173122956487727,1.01660755,0.997386839503964,0.019220710496036,1.24146482,1.2174799538035523,0.0239848661964476,0.36,0.020085572354038295
256,3,195,0.76171875,fixed:0.15,0.15,0.7025641025641025,0.7025641025641025,1000000,139841,860159,0.139841,1.027804483805751,0.0078781050819087,1.009636018551324,268.1817634946441,0.1320058556003339,0.009640278666951,0.1257457473988315,0.1461889573890775,0.8322354,0.8055720643512272,0.0266633356487727,1.02595858,0.997386839503964,0.0285717404960359,1.24735651,1.2174799538035523,0.0298765561964475,0.49359631821170274,0.027804483805750957
256,3,195,0.76171875,fixed:0.1,0.1,0.7948717948717948,0.7948717948717948,1000000,139116,860884,0.139116,1.036122603490756,0.0078344028619224,1.0040352636832308,274.06046596920334,0.1687148318796525,0.0099260306523351,0.1628470537393254,0.1891625976778816,0.84126212,0.8055720643512272,0.0356900556487728,1.03152596,0.997386839503964,0.0341391204960359,1.25638323,1.2174799538035523,0.0389032761964476,0.6318211702827087,0.03612260349075602
256,3,195,0.76171875,fixed:0.05,0.05,0.8974358974358975,0.8974358974358975,1000000,139244,860756,0.139244,1.0455901385675503,0.0077426900245242,0.9922816017254402,282.397651050709,0.212211731275378,0.0110138797973848,0.2075767174169084,0.2411562828686741,0.8515861,0.8055720643512272,0.0460140356487728,1.04184994,0.997386839503964,0.044463100496036,1.26324786,1.2174799538035523,0.0457679061964475,0.8053911900065747,0.04559013856755034
256,3,195,0.76171875,fixed:0,0.0,1.0,1.0,1000000,139098,860902,0.139098,1.056933732828797,0.0075045433324821,0.9617613845558596,297.7153615080619,0.2650404776104835,0.0112948330021038,0.2608899197400394,0.3030425295097925,0.8651532,0.8055720643512272,0.0595811356487727,1.05541705,0.997386839503964,0.0580302104960359,1.26989629,1.2174799538035523,0.0524163361964475,1.0,0.0569337328287971
256,3,200,0.78125,fixed:0.5,0.5,0.0,0.0,1000000,304506,695494,0.304506,0.999519035468825,0.0079142882583332,1.0141424652638076,252.4644717641176,0.0112993360166307,0.0083077890800442,0.0041958573033043,0.0060329166079137,0.80611331,0.8055720643512272,0.0005412456487727,0.99836627,0.997386839503964,0.0009794304960359,1.21760211,1.2174799538035523,0.0001221561964477,0.0,-0.0004809645311749655
256,3,200,0.78125,fixed:0.45,0.45,0.1,0.1,1000000,305107,694893,0.305107,1.000317625141934,0.007957106438906,1.019629217045745,251.5073434928619,0.0095498410501481,0.0089667483052485,0.0031333639083993,0.004509131489883,0.80600791,0.8055720643512272,0.0004358456487728,0.99826087,0.997386839503964,0.0008740304960359,1.22086957,1.2174799538035523,0.0033896161964477,0.010000000000000002,0.0003176251419338971
256,3,200,0.78125,fixed:0.4,0.4,0.2,0.2,1000000,304559,695441,0.304559,1.0014164190218646,0.0079179724545924,1.014614560764355,253.30596943537768,0.0154388809226536,0.0079539330530863,0.0080391432825823,0.0115597775836949,0.80906456,0.8055720643512272,0.0034924956487728,0.99794466,0.997386839503964,0.000557820496036,1.22055336,1.2174799538035523,0.0030734061964476,0.04000000000000001,0.0014164190218646233
256,3,200,0.78125,fixed:0.35,0.35,0.3,0.3,1000000,304905,695095,0.304905,1.0036028835315918,0.007936433748512,1.0169802039550608,253.8214970979285,0.0237275463733145,0.008508878315363,0.0159398358177137,0.022931880991395,0.80853755,0.8055720643512272,0.0029654856487728,1.00079051,0.997386839503964,0.003403670496036,1.22339921,1.2174799538035523,0.0059192561964476,0.09,0.0036028835315917718
256,3,200,0.78125,fixed:0.3,0.3,0.4,0.4,1000000,305271,694729,0.305271,1.0062025053771244,0.0079172517977325,1.014522215287334,255.7562921308533,0.036299540802765,0.0080012048521067,0.0288082309390672,0.0414668610912561,0.8111726,0.8055720643512272,0.0056005356487728,1.00342556,0.997386839503964,0.0060387204960359,1.22603426,1.2174799538035523,0.0085543061964477,0.16000000000000003,0.006202505377124412
256,3,200,0.78125,fixed:0.25,0.25,0.5,0.5,1000000,304449,695551,0.304449,1.0097819297374604,0.0079256185657267,1.015594338824288,257.30724666303803,0.0505545448634634,0.0087223935548711,0.0439327396673991,0.0631624994679026,0.81359684,0.8055720643512272,0.0080247756487727,1.0058498,0.997386839503964,0.008462960496036,1.2284585,1.2174799538035523,0.0109785461964475,0.25,0.009781929737460393
256,3,200,0.78125,fixed:0.2,0.2,0.6,0.6,1000000,304767,695233,0.304767,1.014462539740195,0.0079163194420282,1.0144027425714643,260.0032128750089,0.0717211758200047,0.0085289844622646,0.0648286750337143,0.0932474077520978,0.81918314,0.8055720643512272,0.0136110756487728,1.0114361,0.997386839503964,0.014049260496036,1.2340448,1.2174799538035523,0.0165648461964476,0.36,0.014462539740194957
256,3,200,0.78125,fixed:0.15,0.15,0.7,0.7,1000000,304659,695341,0.304659,1.0196591595985676,0.0078541916757299,1.0064416468900146,264.7515733454859,0.0952108431389244,0.0089797701963242,0.0891007156591467,0.1281395972035975,0.82455863,0.8055720643512272,0.0189865656487727,1.01681159,0.997386839503964,0.019424750496036,1.23942029,1.2174799538035523,0.0219403361964476,0.48999999999999994,0.019659159598567566
256,3,200,0.78125,fixed:0.1,0.1,0.8,0.8,1000000,305057,694943,0.305057,1.0257699093565464,0.0076721597803089,0.9831159517481352,274.2914477985397,0.1233383136497531,0.0090249373397776,0.1171679830589037,0.1686008536799474,0.83309618,0.8055720643512272,0.0275241156487727,1.02197628,0.997386839503964,0.024589440496036,1.24121212,1.2174799538035523,0.0237321661964475,0.6400000000000001,0.02576990935654644
256,3,200,0.78125,fixed:0.05,0.05,0.9,0.9,1000000,304531,695469,0.304531,1.0330461425779316,0.0076062895631815,0.9746752957845722,280.60576022792424,0.1571120593675692,0.0094460265908389,0.1514630859584081,0.2177855317180322,0.84479578,0.8055720643512272,0.0392237156487728,1.03030303,0.997386839503964,0.032916190496036,1.24953887,1.2174799538035523,0.0320589161964477,0.81,0.03304614257793159
256,3,200,0.78125,fixed:0,0.0,1.0,1.0,1000000,304805,695195,0.304805,1.040623467017142,0.0073593016738272,0.9430260938823806,294.2934664461488,0.1920448466854533,0.0099789844622647,0.1865976271058546,0.2684104849802639,0.85291173,0.8055720643512272,0.0473396656487727,1.03841897,0.997386839503964,0.0410321304960359,1.25428195,1.2174799538035523,0.0368019961964476,1.0,0.04062346701714192
256,3,205,0.80078125,fixed:0.5,0.5,-0.0048780487804878,0.0048780487804878,1000000,543305,456695,0.543305,0.9996894936797012,0.0078802890461289,1.0096620340352682,253.6402098764404,0.0093739371005086,0.0084468298127052,0.0016245915921995,0.0035572791298341,0.80449243,0.8055720643512272,-0.0010796343512271,0.99863749,0.997386839503964,0.001250650496036,1.218975675999877,1.2174799538035523,0.0014957221963249,2.379535990481851e-05,-0.0003105063202988312
256,3,205,0.80078125,fixed:0.45,0.45,0.1024390243902439,0.1024390243902439,1000000,542820,457180,0.54282,1.0001492541589665,0.0078732769394664,1.0087636078691369,254.09966860952972,0.008054616053169,0.0077376420318417,0.0018404982498801,0.0040257628283831,0.8053665,0.8055720643512272,-0.0002055643512272,0.99622096,0.997386839503964,-0.0011658795039639,1.21669077,1.2174799538035523,-0.0007891838035523,0.010493753718024985,0.0001492541589664942
256,3,205,0.80078125,fixed:0.4,0.4,0.2,0.2,1000000,542678,457322,0.542678,1.0009068918596298,0.0078908697937796,1.0110176923280152,253.91740894313952,0.0117253194119719,0.0076004364438364,0.0043075474222282,0.0094190688885036,0.8060349,0.8055720643512272,0.0004628356487728,0.99688936,0.997386839503964,-0.000497479503964,1.22064976,1.2174799538035523,0.0031698061964475,0.04000000000000001,0.000906891859629777
256,3,205,0.80078125,fixed:0.35,0.35,0.2975609756097561,0.2975609756097561,1000000,543734,456266,0.543734,1.002009146424336,0.0079026351651742,1.012525130537953,254.09810994251703,0.016704267617106,0.0082795286178176,0.010047102947397,0.0220202753380639,0.80649764,0.8055720643512272,0.0009255756487728,1.00064269,0.997386839503964,0.003255850496036,1.2211125,1.2174799538035523,0.0036325461964477,0.08854253420582986,0.002009146424335917
256,3,205,0.80078125,fixed:0.3,0.3,0.3951219512195122,0.3951219512195122,1000000,543613,456387,0.543613,1.003844856038524,0.0078685737397941,1.0081610104111314,256.1339648883716,0.0243320489477091,0.0077193762377948,0.0171111563336417,0.0374926462270874,0.81004531,0.8055720643512272,0.0044732456487728,1.00089977,0.997386839503964,0.0035129304960359,1.22136958,1.2174799538035523,0.0038896261964476,0.15612135633551458,0.003844856038524025
256,3,205,0.80078125,fixed:0.25,0.25,0.5024390243902439,0.5024390243902439,1000000,543473,456527,0.543473,1.0063026044083878,0.0078371598409299,1.004136104619145,258.4214057624604,0.0359327997110407,0.0078305172640942,0.02864260020829,0.062740210783349,0.81282175,0.8055720643512272,0.0072496856487728,1.00367621,0.997386839503964,0.006289370496036,1.22414602,1.2174799538035523,0.0066660661964477,0.2524449732302201,0.006302604408387813
256,3,205,0.80078125,fixed:0.2,0.2,0.6,0.6,1000000,543590,456410,0.54359,1.0090024332335217,0.0078317617413053,1.0034444731047525,259.98898942537926,0.0476817074381405,0.0082755657467966,0.0410123129564561,0.0898584889823977,0.81462129,0.8055720643512272,0.0090492256487728,1.00547575,0.997386839503964,0.0080889104960359,1.22594556,1.2174799538035523,0.0084656061964476,0.36,0.009002433233521678
256,3,205,0.80078125,fixed:0.15,0.15,0.697560975609756,0.697560975609756,1000000,542859,457141,0.542859,1.0121215130351158,0.0077585492934609,0.9940641282246808,264.0673967263108,0.0610280156092735,0.0080271045322714,0.053903709355468,0.1179148432441369,0.81950577,0.8055720643512272,0.0139337056487728,1.01036023,0.997386839503964,0.012973390496036,1.23083004,1.2174799538035523,0.0133500861964477,0.4865913146936347,0.012121513035115772
256,3,205,0.80078125,fixed:0.1,0.1,0.7951219512195122,0.7951219512195122,1000000,543257,456743,0.543257,1.0154966439658026,0.0076592638005074,0.9813431744400224,269.2774294671715,0.0768045018036174,0.0094426661169828,0.0710633931785508,0.1555872628120209,0.82418458,0.8055720643512272,0.0186125156487728,1.01174845,0.997386839503964,0.014361610496036,1.23221826,1.2174799538035523,0.0147383061964476,0.6322189173111243,0.015496643965802637
256,3,205,0.80078125,fixed:0.05,0.05,0.902439024390244,0.902439024390244,1000000,542508,457492,0.542508,1.0204528588389117,0.0075383015702242,0.9658448886849864,276.2755051418102,0.0999548643254037,0.0095888824748544,0.0945194270904761,0.2066034533729028,0.83215399,0.8055720643512272,0.0265819256487728,1.01642726,0.997386839503964,0.0190404204960359,1.23689707,1.2174799538035523,0.0194171161964475,0.8143961927424155,0.02045285883891168
256,3,205,0.80078125,fixed:0,0.0,1.0,1.0,1000000,543923,456077,0.543923,1.024901533607202,0.007373274872215,0.9447008430025584,284.9271651457706,0.1213335915507387,0.0100841337569878,0.1165119045581819,0.2554654248255929,0.83837527,0.8055720643512272,0.0328032056487728,1.02264854,0.997386839503964,0.025261700496036,1.23653716,1.2174799538035523,0.0190572061964475,1.0,0.024901533607202042
256,3,210,0.8203125,fixed:0.5,0.5,0.0,0.0,1000000,781098,218902,0.781098,0.9997742782188792,0.0078430109674902,1.0047685103088522,254.888999016137,0.0089470181843458,0.0083210088318245,0.0009187539514887,0.0041971016778686,0.80627392,0.8055720643512272,0.0007018556487727,0.99579647,0.997386839503964,-0.0015903695039639,1.2174415,1.2174799538035523,-3.845380355227413e-05,0.0,-0.00022572178112079122
256,3,210,0.8203125,fixed:0.45,0.45,0.0952380952380952,0.0952380952380952,1000000,780381,219619,0.780381,1.0000511128810798,0.0078635559265293,1.0074005259943748,254.36386228287068,0.0073625433236024,0.0074792294527354,0.0008861714418982,0.0040350399642027,0.80617354,0.8055720643512272,0.0006014756487727,0.99890834,0.997386839503964,0.0015215004960359,1.21734111,1.2174799538035523,-0.0001388438035523,0.009070294784580492,5.111288107984002e-05
256,3,210,0.8203125,fixed:0.4,0.4,0.2,0.2,1000000,780080,219920,0.78008,1.0004318167764847,0.0078377090107217,1.004089276373559,255.39703468183143,0.0093649196238781,0.0077053838351535,0.002473120603015,0.0112455465760961,0.80624882,0.8055720643512272,0.0006767556487727,0.99898363,0.997386839503964,0.001596790496036,1.2174164,1.2174799538035523,-6.355380355227425e-05,0.04000000000000001,0.00043181677648473915
256,3,210,0.8203125,fixed:0.35,0.35,0.2952380952380952,0.2952380952380952,1000000,780782,219218,0.780782,1.0010391491071515,0.0078447579140853,1.004992311720741,255.4774510621741,0.0118683482343852,0.0077952225655045,0.0043035214131472,0.0196312411076978,0.80765418,0.8055720643512272,0.0020821156487728,0.99717674,0.997386839503964,-0.000210099503964,1.21882176,1.2174799538035523,0.0013418061964476,0.08716553287981857,0.0010391491071515269
256,3,210,0.8203125,fixed:0.3,0.3,0.4,0.4,1000000,780385,219615,0.780385,1.0020033829656898,0.0078397754294459,1.0043540053751914,256.1325355580098,0.016433750339494,0.0081078711326996,0.0085895753954778,0.0391119704732275,0.80938578,0.8055720643512272,0.0038137156487728,0.99890834,0.997386839503964,0.0015215004960359,1.22055336,1.2174799538035523,0.0030734061964476,0.16000000000000003,0.002003382965689804
256,3,210,0.8203125,fixed:0.25,0.25,0.4952380952380952,0.4952380952380952,1000000,780904,219096,0.780904,1.002972680389984,0.0078075466335134,1.0002251727862272,257.6876565272561,0.0213699326781547,0.0080268541653644,0.0138575013778902,0.0632485366135859,0.80908464,0.8055720643512272,0.0035125756487728,1.00181944,0.997386839503964,0.0044326004960359,1.22025221,1.2174799538035523,0.0027722561964476,0.24526077097505666,0.002972680389984106
256,3,210,0.8203125,fixed:0.2,0.2,0.6,0.6,1000000,780067,219933,0.780067,1.0042605384312244,0.0077914885521457,0.9981679712138932,258.88229759958216,0.0266088429916085,0.0086217454037796,0.0199261461220638,0.0906009835816539,0.8092603,0.8055720643512272,0.0036882356487728,1.00199511,0.997386839503964,0.0046082704960359,1.22042788,1.2174799538035523,0.0029479261964475,0.36,0.0042605384312244254
256,3,210,0.8203125,fixed:0.15,0.15,0.6952380952380952,0.6952380952380952,1000000,780254,219746,0.780254,1.0059196441562746,0.0077779235818525,0.9964301622205828,260.19137880459306,0.033335350857329,0.0086489554020617,0.0267794336331502,0.12186539747322,0.81367714,0.8055720643512272,0.0081050756487728,1.0031997,0.997386839503964,0.0058128604960359,1.22484472,1.2174799538035523,0.0073647661964477,0.48335600907029475,0.0059196441562745505
256,3,210,0.8203125,fixed:0.1,0.1,0.8,0.8,1000000,780053,219947,0.780053,1.0078901044987711,0.0076898058559269,0.9851413961360924,264.2049700028728,0.0420002125002819,0.0087182236040993,0.0362040479762272,0.1646035089190908,0.81550913,0.8055720643512272,0.0099370656487728,1.00503168,0.997386839503964,0.007644840496036,1.22346446,1.2174799538035523,0.0059845061964476,0.6400000000000001,0.007890104498771144
256,3,210,0.8203125,fixed:0.05,0.05,0.8952380952380953,0.8952380952380953,1000000,780728,219272,0.780728,1.0099724216590154,0.007587189905361,0.9719952617992448,268.88592620860067,0.0521529878370768,0.0090190267653614,0.045510301462225,0.2075518144689017,0.82143171,0.8055720643512272,0.0158596456487728,1.00774202,0.997386839503964,0.010355180496036,1.22617479,1.2174799538035523,0.0086948361964476,0.801451247165533,0.009972421659015351
256,3,210,0.8203125,fixed:0,0.0,1.0,1.0,1000000,779923,220077,0.779923,1.0122149833865006,0.0074723699655829,0.9572856738204932,274.2313823622903,0.0632035128393185,0.0103427153856161,0.0580781535818279,0.2638992424552676,0.82492001,0.8055720643512272,0.0193479456487728,1.00801807,0.997386839503964,0.010631230496036,1.22645084,1.2174799538035523,0.0089708861964477,1.0,0.012214983386500622
256,3,215,0.83984375,fixed:0.5,0.5,-0.0046511627906976,0.0046511627906976,1000000,931969,68031,0.931969,0.9999695334272596,0.0078142860302362,1.0009771766535085,255.9258936551884,0.0075726790290443,0.0076497938987448,0.0002715861589817,0.0039920941773849,0.8047247,0.8055720643512272,-0.0008473643512272,0.99611484,0.997386839503964,-0.001271999503964,1.21574287,1.2174799538035523,-0.0017370838035524,2.1633315305569883e-05,-3.046657274041742e-05
256,3,215,0.83984375,fixed:0.45,0.45,0.0976744186046511,0.0976744186046511,1000000,931786,68214,0.931786,1.000069956046195,0.0078270039630816,1.0026062903643702,255.5613672111813,0.0076346789554433,0.0077686438972268,0.0004416922082967,0.0064750961429729,0.80555811,0.8055720643512272,-1.3954351227196682e-05,0.99694825,0.997386839503964,-0.000438589503964,1.21657628,1.2174799538035523,-0.0009036738035523,0.009540292049756614,6.995604619497442e-05
256,3,215,0.83984375,fixed:0.4,0.4,0.2,0.2,1000000,931437,68563,0.931437,1.0002400702443537,0.007813496805572,1.0008760802931935,256.0902558785095,0.008397008907345,0.0075573542712635,0.0009522811795108,0.0138891410747896,0.80634249,0.8055720643512272,0.0007704256487728,0.99773263,0.997386839503964,0.000345790496036,1.21736066,1.2174799538035523,-0.0001192938035523,0.04000000000000001,0.00024007024435368507
256,3,215,0.83984375,fixed:0.35,0.35,0.3023255813953488,0.3023255813953488,1000000,931612,68388,0.931612,1.0003756055440998,0.0078008111619125,0.9992511026912568,256.57622813737265,0.0092939003107115,0.0075457283025481,0.0018725026770801,0.0273805737421793,0.80707786,0.8055720643512272,0.0015057956487728,0.998468,0.997386839503964,0.001081160496036,1.21809603,1.2174799538035523,0.0006160761964477,0.09140075716603568,0.0003756055440997663
256,3,215,0.83984375,fixed:0.3,0.3,0.3953488372093023,0.3953488372093023,1000000,931796,68204,0.931796,1.0006458854833784,0.0078032406564466,0.9995623107235704,256.6349628875268,0.0099328589443793,0.0075376462698645,0.0030396828576211,0.0445675159465896,0.80791127,0.8055720643512272,0.0023392056487727,0.99930141,0.997386839503964,0.0019145704960359,1.21892944,1.2174799538035523,0.0014494861964475,0.1563007030827474,0.0006458854833784056
256,3,215,0.83984375,fixed:0.25,0.25,0.4976744186046511,0.4976744186046511,1000000,931726,68274,0.931726,1.0011075042613282,0.0077987550378617,0.9989877218475957,257.01954484343696,0.0120225134123806,0.0073196949581465,0.0050009196523441,0.0732477905548839,0.80712688,0.8055720643512272,0.0015548156487728,0.99851702,0.997386839503964,0.0011301804960359,1.21814505,1.2174799538035523,0.0006650961964476,0.2476798269334775,0.0011075042613282182
256,3,215,0.83984375,fixed:0.2,0.2,0.6,0.6,1000000,931689,68311,0.931689,1.0016052156071182,0.0078009464674495,0.9992684347615028,257.2028950890544,0.0142421103221286,0.0078056920705669,0.0070580393135477,0.1033221489005835,0.80943101,0.8055720643512272,0.0038589456487727,0.99768361,0.997386839503964,0.000296770496036,1.22044918,1.2174799538035523,0.0029692261964475,0.36,0.0016052156071182377
256,3,215,0.83984375,fixed:0.15,0.15,0.7023255813953488,0.7023255813953488,1000000,931937,68063,0.931937,1.00214332964959,0.0077731466298984,0.9957073924864044,258.4001823144022,0.0159668574962625,0.008477397398712,0.0097557024798886,0.1433334187427627,0.80854858,0.8055720643512272,0.0029765156487727,0.99993872,0.997386839503964,0.0025518804960359,1.21956675,1.2174799538035523,0.0020867961964476,0.4932612222823148,0.0021433296495900755
256,3,215,0.83984375,fixed:0.1,0.1,0.7953488372093023,0.7953488372093023,1000000,931230,68770,0.93123,1.0027840885301158,0.0077303149998101,0.990220840805116,260.1642826285541,0.0193679093549062,0.0081748600596931,0.0126967499973154,0.1846262904946253,0.81104881,0.8055720643512272,0.0054767456487727,0.99930141,0.997386839503964,0.0019145704960359,1.21892944,1.2174799538035523,0.0014494861964475,0.6325797728501892,0.0027840885301158025
256,3,215,0.83984375,fixed:0.05,0.05,0.8976744186046511,0.8976744186046511,1000000,931892,68108,0.931892,1.0034295490621232,0.0076969334541449,0.9859448051950908,261.6290931783466,0.0221068308299813,0.0092569954964027,0.0163239908229709,0.2396780234769909,0.81178417,0.8055720643512272,0.0062121056487728,1.00003677,0.997386839503964,0.0026499304960359,1.2196648,1.2174799538035523,0.0021848461964477,0.8058193618171985,0.003429549062123227
256,3,215,0.83984375,fixed:0,0.0,1.0,1.0,1000000,931829,68171,0.931829,1.004469902058618,0.0076208491987268,0.976198732056535,264.7893319579698,0.0266713219085729,0.0088838205104275,0.0203205647591994,0.2980822455178798,0.81560805,0.8055720643512272,0.0100359856487728,1.00072311,0.997386839503964,0.003336270496036,1.22035114,1.2174799538035523,0.0028711861964476,1.0,0.00446990205861808
1024,3,809,0.7900390625,fixed:0.5,0.5,-0.0012360939431396,0.0012360939431396,1000000,103668,896332,0.103668,0.9999226149487788,0.0019808481507877,1.014457794263004,1009.5122490720672,0.0053658785442307,0.0041661863028127,0.0023837152834047,0.00265941111486,0.89879768,0.9000222157565223,-0.0012245357565222,0.99962873,0.9993483974822964,0.0002803325177036,1.1065178984000017,1.1057270175596228,0.0007908808403787,1.5279282362664047e-06,-7.738505122123485e-05
1024,3,809,0.7900390625,fixed:0.45,0.45,0.1001236093943139,0.1001236093943139,1000000,103121,896879,0.103121,1.0003315284065322,0.0019841373462032,1.016142299925289,1008.663204328016,0.008369405768146,0.0044286540532161,0.0045817139379952,0.0051085084364727,0.89893974,0.9000222157565223,-0.0010824757565223,0.99977078,0.9993483974822964,0.0004223825177036,1.10638721,1.1057270175596228,0.0006601924403772,0.010024737158145143,0.00033152840653216664
1024,3,809,0.7900390625,fixed:0.4,0.4,0.1990111248454882,0.1990111248454882,1000000,103725,896275,0.103725,1.0010333978375514,0.0019654709931664,1.0065826437138052,1019.6719942142942,0.0131377728669169,0.0042675434691235,0.0098181595565196,0.0109544052400432,0.90052813,0.9000222157565223,0.0005059142434776,1.00053269,0.9993483974822964,0.0011842925177036,1.10714913,1.1057270175596228,0.0014221124403772,0.03960542781226649,0.0010333978375514086
1024,3,809,0.7900390625,fixed:0.35,0.35,0.3003708281829419,0.3003708281829419,1000000,102882,897118,0.102882,1.0027047393150406,0.0019733285605641,1.0106067636280005,1019.005972282068,0.0274883474122128,0.0040076519103078,0.0237874050854376,0.0265153581640739,0.90252655,0.9000222157565223,0.0025043342434777,1.00170462,0.9993483974822964,0.0023562225177036,1.10832106,1.1057270175596228,0.0025940424403771,0.09022263442330641,0.0027047393150405608
1024,3,809,0.7900390625,fixed:0.3,0.3,0.3992583436341162,0.3992583436341162,1000000,103280,896720,0.10328,1.0044503196588883,0.0019499315293006,0.9986243707734418,1034.8265357037658,0.0435479571027849,0.0042841652482533,0.040172709527498,0.0447996136224218,0.90419243,0.9000222157565223,0.0041702142434777,1.0033705,0.9993483974822964,0.0040221025177036,1.10998694,1.1057270175596228,0.0042599224403772,0.15940722496145804,0.004450319658888313
1024,3,809,0.7900390625,fixed:0.25,0.25,0.5006180469715699,0.5006180469715699,1000000,103725,896275,0.103725,1.007456095698626,0.0019441578509476,0.9956674793002682,1044.1207582661948,0.0709664029224051,0.0046104189654471,0.0667329178115208,0.0744558509514611,0.9080472,0.9000222157565223,0.0080249842434777,1.00639879,0.9993483974822964,0.0070503925177036,1.11301523,1.1057270175596228,0.0072882124403772,0.2506184289536289,0.007456095698626042
1024,3,809,0.7900390625,fixed:0.2,0.2,0.5995055624227441,0.5995055624227441,1000000,103676,896324,0.103676,1.010644935817933,0.0019518123390225,0.9995875955825938,1046.6202778551146,0.0985759570597906,0.0040744275140857,0.0951031192175623,0.1061035063409687,0.91144353,0.9000222157565223,0.0114213142434776,1.00979513,0.9993483974822964,0.0104467325177037,1.11641156,1.1057270175596228,0.0106845424403771,0.3594069193758107,0.010644935817933021
1024,3,809,0.7900390625,fixed:0.15,0.15,0.7008652657601978,0.7008652657601978,1000000,103360,896640,0.10336,1.0143581299304372,0.0019322114433512,0.989549329206438,1065.0205176006982,0.1346051361020842,0.0058809404937661,0.1329579690402477,0.1482846728232597,0.9155017,0.9000222157565223,0.0154794842434776,1.01385329,0.9993483974822964,0.0145048925177035,1.11964324,1.1057270175596228,0.0139162224403772,0.4912121207491127,0.014358129930437169
1024,3,809,0.7900390625,fixed:0.1,0.1,0.799752781211372,0.799752781211372,1000000,103352,896648,0.103352,1.0191415383612314,0.0018956752000269,0.9708379116761732,1095.8095302386575,0.1761372392260068,0.0044439846439028,0.1729130774827773,0.192843877957434,0.92145497,0.9000222157565223,0.0214327542434776,1.01815359,0.9993483974822964,0.0188051925177037,1.12311706,1.1057270175596228,0.0173900424403772,0.6396045110553248,0.019141538361231447
1024,3,809,0.7900390625,fixed:0.05,0.05,0.9011124845488258,0.9011124845488258,1000000,103563,896437,0.103563,1.0241682643584098,0.0018606300922881,0.9528901539531524,1127.489701544063,0.2219346661768773,0.0051705184207779,0.2195893367322306,0.2449579130850585,0.92654301,0.9000222157565223,0.0265207942434776,1.02324163,0.9993483974822964,0.0238932325177037,1.1282051,1.1057270175596228,0.0224780824403771,0.8120037098097578,0.024168264358409797
1024,3,809,0.7900390625,fixed:0,0.0,1.0,1.0,1000000,102950,897050,0.10295,1.029734122549684,0.0017988373724849,0.9212440602290476,1178.9307686868704,0.2728534397495871,0.0052165082465439,0.2707103103448275,0.3017783962374757,0.93422673,0.9000222157565223,0.0342045142434777,1.02927238,0.9993483974822964,0.0299239825177037,1.1317564,1.1057270175596228,0.0260293824403772,1.0,0.029734122549684106
1024,3,819,0.7998046875,fixed:0.5,0.5,-0.0012210012210012,0.0012210012210012,1000000,256873,743127,0.256873,0.9999489365615304,0.0019757860518726,1.0118500356618896,1012.1519734212284,0.0054087277050098,0.0041458975666585,0.0018200424957079,0.0024491674985675,0.89925285,0.9000222157565223,-0.0007693657565223,0.99966914,0.9993483974822964,0.0003207425177036,1.10580017,1.1057270175596228,7.315244037719992e-05,1.490843981686421e-06,-5.106343846961181e-05
1024,3,819,0.7998046875,fixed:0.45,0.45,0.0989010989010989,0.0989010989010989,1000000,257150,742850,0.25715,1.000300357492825,0.0019691780657998,1.0084659187748024,1016.262391480405,0.0067183607272855,0.0047884134101477,0.0026539399183356,0.003572645780892,0.90020956,0.9000222157565223,0.0001873442434776,0.99980946,0.9993483974822964,0.0004610625177037,1.10675688,1.1057270175596228,0.0010298624403772,0.009781427363844946,0.0003003574928250874
1024,3,819,0.7998046875,fixed:0.4,0.4,0.199023199023199,0.199023199023199,1000000,256814,743186,0.256814,1.000911710877639,0.0019636114372738,1.0056151074396296,1020.3895067578704,0.0120914279790275,0.0045414051779784,0.0078435394643593,0.0105539386699418,0.90027015,0.9000222157565223,0.0002479342434776,0.99987005,0.9993483974822964,0.0005216525177036,1.10600108,1.1057270175596228,0.0002740624403771,0.03961023374942788,0.0009117108776390825
1024,3,819,0.7998046875,fixed:0.35,0.35,0.2991452991452991,0.2991452991452991,1000000,256734,743266,0.256734,1.0019426265399596,0.0019576659864719,1.0025702916306165,1025.5978637979808,0.0217401979883129,0.0043280920161129,0.018233453683579,0.0245315320269985,0.9018838,0.9000222157565223,0.0018615842434777,1.0014837,0.9993483974822964,0.0021353025177037,1.10761473,1.1057270175596228,0.0018877124403773,0.08948791000073048,0.00194262653995958
1024,3,819,0.7998046875,fixed:0.3,0.3,0.3992673992673993,0.3992673992673993,1000000,256924,743076,0.256924,1.0032948686656364,0.0019612944127692,1.0044285005570397,1026.4655698167694,0.0338159825088464,0.0040822279324171,0.030296790817518,0.040772129388539,0.90341773,0.9000222157565223,0.0033955142434777,1.00301762,0.9993483974822964,0.0036692225177037,1.10914866,1.1057270175596228,0.0034216424403772,0.15941445611775285,0.003294868665636441
1024,3,819,0.7998046875,fixed:0.25,0.25,0.4993894993894994,0.4993894993894994,1000000,256906,743094,0.256906,1.005263796755467,0.0019509521187935,0.9991319500939154,1035.9611507965924,0.0513256496876854,0.004039716714604,0.0477957845826878,0.0643199710705346,0.90568832,0.9000222157565223,0.0056661042434776,1.00447182,0.9993483974822964,0.0051234225177037,1.11141925,1.1057270175596228,0.0056922324403771,0.24938987210049482,0.005263796755466954
1024,3,819,0.7998046875,fixed:0.2,0.2,0.5995115995115995,0.5995115995115995,1000000,255922,744078,0.255922,1.0077036094738634,0.0019458898237458,0.9965394206954596,1043.704070142944,0.0735337924505679,0.0045534565203702,0.070320777979228,0.0945072666833692,0.90787919,0.9000222157565223,0.0078569742434776,1.00747908,0.9993483974822964,0.0081306825177036,1.11361012,1.1057270175596228,0.0078831024403771,0.3594141579489565,0.007703609473863393
1024,3,819,0.7998046875,fixed:0.15,0.15,0.6996336996336996,0.6996336996336996,1000000,256782,743218,0.256782,1.0103300842492466,0.0019319132268227,0.9893816517246125,1056.7419540036724,0.096247705382227,0.0049407729249505,0.093487401235289,0.1257873211295865,0.91162311,0.9000222157565223,0.0116008942434776,1.00959022,0.9993483974822964,0.0102418225177036,1.11653765,1.1057270175596228,0.0108106324403771,0.4894873136631378,0.01033008424924664
1024,3,819,0.7998046875,fixed:0.1,0.1,0.7997557997557998,0.7997557997557998,1000000,256884,743116,0.256884,1.0136967779340869,0.0019038082462894,0.9749883799794824,1079.500689837548,0.1273507610145782,0.0045234977094266,0.1242947439466841,0.1672615633988289,0.91528731,0.9000222157565223,0.0152650942434776,1.01325442,0.9993483974822964,0.0139060225177036,1.11856906,1.1057270175596228,0.0128420424403772,0.639609339243039,0.013696777934086857
1024,3,819,0.7998046875,fixed:0.05,0.05,0.8998778998778999,0.8998778998778999,1000000,257136,742864,0.257136,1.0171123047850554,0.0018562210965009,0.950617796350272,1114.6489418693582,0.1595138815760802,0.0055681283859879,0.1575745520502768,0.2121176312895454,0.92050457,0.9000222157565223,0.0204823542434776,1.0160225,0.9993483974822964,0.0166741025177037,1.12133715,1.1057270175596228,0.0156101324403772,0.8097802346886597,0.017112304785055432
1024,3,819,0.7998046875,fixed:0,0.0,1.0,1.0,1000000,256381,743619,0.256381,1.021205516145697,0.0018094188029999,0.9266491574871992,1152.70240861583,0.1962913453387856,0.0053964744500266,0.1942393938084335,0.2612082179293879,0.9256421,0.9000222157565223,0.0256198842434777,1.02034364,0.9993483974822964,0.0209952425177037,1.12320911,1.1057270175596228,0.0174820924403771,1.0,0.02120551614569699
1024,3,829,0.8095703125,fixed:0.5,0.5,-0.0012062726176115,0.0012062726176115,1000000,492132,507868,0.492132,1.000064499446104,0.0019593455677292,1.0034156507170644,1020.8806649778056,0.0051926413027109,0.004590159293819,0.0011174635666852,0.0022003031628008,0.89969703,0.9000222157565223,-0.0003251857565222,0.99970857,0.9993483974822964,0.0003601725177037,1.10617247,1.1057270175596228,0.0004454524403771,1.4550936279993e-06,6.449944610409375e-05
1024,3,829,0.8095703125,fixed:0.45,0.45,0.1001206272617611,0.1001206272617611,1000000,491972,508028,0.491972,1.0000486575525032,0.001962431604428,1.004996064898836,1019.242979185558,0.0043093144958583,0.0043104184291633,0.0014794264714251,0.0029120963242679,0.89947964,0.9000222157565223,-0.0005425757565222,0.99949118,0.9993483974822964,0.0001427825177037,1.10595508,1.1057270175596228,0.0002280624403772,0.0100241400032885,4.865755250316184e-05
1024,3,829,0.8095703125,fixed:0.4,0.4,0.1990349819059107,0.1990349819059107,1000000,491652,508348,0.491652,1.0005740646869128,0.001964535660694,1.0060735894672603,1019.221466888942,0.0092746033691588,0.0040736284492932,0.0055885981710641,0.0109936464214752,0.89999004,0.9000222157565223,-3.2175756522256904e-05,1.00000158,0.9993483974822964,0.0006531825177036,1.10646547,1.1057270175596228,0.0007384524403772,0.0396149240222862,0.0005740646869127897
1024,3,829,0.8095703125,fixed:0.35,0.35,0.3003618817852834,0.3003618817852834,1000000,491339,508661,0.491339,1.0012506635412008,0.0019650080726976,1.0063155200413465,1020.3549849700308,0.0149291980064727,0.0044971176409672,0.0108049859099318,0.0212420175911498,0.90093836,0.9000222157565223,0.0009161442434777,1.0009499,0.9993483974822964,0.0016015025177036,1.10660725,1.1057270175596228,0.0008802324403771,0.09021726002959655,0.001250663541200847
1024,3,829,0.8095703125,fixed:0.3,0.3,0.399276236429433,0.399276236429433,1000000,492347,507653,0.492347,1.0020650383688126,0.0019585219609702,1.0029938670737746,1025.400134521478,0.0222256037864631,0.0045361838831932,0.0192244184893987,0.0378692108377153,0.9025483,0.9000222157565223,0.0025260842434776,1.00175329,0.9993483974822964,0.0024048925177035,1.10821719,1.1057270175596228,0.0024901724403771,0.1594215129772525,0.002065038368812555
1024,3,829,0.8095703125,fixed:0.25,0.25,0.5006031363088058,0.5006031363088058,1000000,491015,508985,0.491015,1.0032512309933304,0.0019562595133062,1.0018352274583926,1029.0179044686497,0.0325754648197817,0.0044919360890341,0.0293638703400099,0.0576910328202402,0.90304924,0.9000222157565223,0.0030270242434776,1.00225423,0.9993483974822964,0.0029058325177035,1.10871813,1.1057270175596228,0.0029911124403771,0.2506035000822128,0.0032512309933303563
1024,3,829,0.8095703125,fixed:0.2,0.2,0.5995174909529554,0.5995174909529554,1000000,491108,508892,0.491108,1.0049543985894345,0.0019378841659058,0.9924248858256548,1042.3051707759437,0.0480786144677071,0.004980302031337,0.0438616706223478,0.0861905288791096,0.90575872,0.9000222157565223,0.0057365042434777,1.00415717,0.9993483974822964,0.0048087725177037,1.11062107,1.1057270175596228,0.0048940524403773,0.35942122195852694,0.004954398589434472
1024,3,829,0.8095703125,fixed:0.15,0.15,0.7008443908323281,0.7008443908323281,1000000,491706,508294,0.491706,1.0065979912993943,0.0019278797095082,0.9873014260890702,1051.1439184620565,0.0632803810740248,0.0049287011793706,0.0607176302383944,0.1194537614813365,0.90742537,0.9000222157565223,0.0074031542434777,1.00582382,0.9993483974822964,0.0064754225177037,1.11228772,1.1057270175596228,0.0065607024403773,0.49118286016113705,0.006597991299394312
1024,3,829,0.8095703125,fixed:0.1,0.1,0.7997587454764777,0.7997587454764777,1000000,491953,508047,0.491953,1.0085983275690766,0.0018969790075554,0.9714766280196562,1072.5164404281247,0.081608218104028,0.0045649977313482,0.0786434036564469,0.1547955280839112,0.91042786,0.9000222157565223,0.0104056442434776,1.00801976,0.9993483974822964,0.0086713625177037,1.11287057,1.1057270175596228,0.0071435524403771,0.6396140509661095,0.008598327569076636
1024,3,829,0.8095703125,fixed:0.05,0.05,0.9010856453558505,0.9010856453558505,1000000,490738,509262,0.490738,1.0108358898841745,0.0018614535170514,0.9532833936263656,1097.8401415002354,0.1031619609174035,0.0048515454918621,0.1002270340466807,0.1968083894865133,0.91326022,0.9000222157565223,0.0132380042434776,1.01004558,0.9993483974822964,0.0106971825177037,1.11489638,1.1057270175596228,0.0091693624403772,0.8119553402663695,0.010835889884174499
1024,3,829,0.8095703125,fixed:0,0.0,1.0,1.0,1000000,491914,508086,0.491914,1.0134390016019263,0.0018141109394671,0.9290384191431912,1132.299671010812,0.1270940816370028,0.0049871330217325,0.1247231697451179,0.2454764936351681,0.91736225,0.9000222157565223,0.0173400342434777,1.01253452,0.9993483974822964,0.0131861225177036,1.11577224,1.1057270175596228,0.0100452224403773,1.0,0.013439001601926348
1024,3,840,0.8203125,fixed:0.5,0.5,0.0,0.0,1000000,757727,242273,0.757727,0.9999702367307748,0.0019564894163008,1.0019371187220951,1022.1782607318978,0.0044821332075008,0.0043357911754199,0.0004799685216443,0.00198110611436,0.90025652,0.9000222157565223,0.0002343042434777,0.99895838,0.9993483974822964,-0.0003900174822962,1.10562007,1.1057270175596228,-0.0001069475596227,0.0,-2.9763269225213662e-05
1024,3,840,0.8203125,fixed:0.45,0.45,0.1,0.1,1000000,758501,241499,0.758501,1.0000768282682553,0.0019549049996874,1.00112572367784,1023.2248243254788,0.0043308262585595,0.004020670139039,0.0007631407302033,0.0031600161085693,0.9002503,0.9000222157565223,0.0002280842434776,0.99974815,0.9993483974822964,0.0003997525177036,1.10561386,1.1057270175596228,-0.0001131575596227,0.010000000000000002,7.682826825528011e-05
1024,3,840,0.8203125,fixed:0.4,0.4,0.2,0.2,1000000,757856,242144,0.757856,1.0002049797080974,0.0019549444414355,1.0011459221778267,1023.466427207782,0.0056512262340462,0.0039536245712694,0.0023022177511294,0.0095076390541557,0.90023164,0.9000222157565223,0.0002094242434776,0.99972949,0.9993483974822964,0.0003810925177036,1.1055952,1.1057270175596228,-0.0001318175596227,0.04000000000000001,0.00020497970809740806
1024,3,840,0.8203125,fixed:0.35,0.35,0.3,0.3,1000000,758569,241431,0.758569,1.000556224845795,0.0019543930235282,1.0008635357439106,1024.4743478160565,0.008709853471311,0.0042985297726553,0.0053797610303083,0.0222828097067417,0.90099653,0.9000222157565223,0.0009743142434777,0.9996984,0.9993483974822964,0.0003500025177036,1.10636009,1.1057270175596228,0.0006330724403771,0.09,0.0005562248457950947
1024,3,840,0.8203125,fixed:0.3,0.3,0.4,0.4,1000000,758222,241778,0.758222,1.0010178695909375,0.001949923956697,0.9985748834737008,1027.7701053919454,0.0129169323638957,0.0040854374240192,0.0094627150465166,0.0391380317750859,0.900953,0.9000222157565223,0.0009307842434777,1.00045085,0.9993483974822964,0.0011024525177036,1.10631656,1.1057270175596228,0.0005895424403772,0.16000000000000003,0.0010178695909375257
1024,3,840,0.8203125,fixed:0.25,0.25,0.5,0.5,1000000,758786,241214,0.758786,1.0016565820904313,0.0019559589205438,1.001665446723312,1025.906932816492,0.0184329497905004,0.004350758776506,0.0150229198166544,0.0622804638895524,0.90169302,0.9000222157565223,0.0016708042434776,1.00119086,0.9993483974822964,0.0018424625177035,1.10705657,1.1057270175596228,0.0013295524403771,0.25,0.0016565820904312911
1024,3,840,0.8203125,fixed:0.2,0.2,0.6,0.6,1000000,758759,241241,0.758759,1.00242677266012,0.0019447562235645,0.9959284374454624,1033.4040044401822,0.0250997782684005,0.0037743718988369,0.0215560054707752,0.0893546514513507,0.9024206,0.9000222157565223,0.0023983842434777,1.00191844,0.9993483974822964,0.0025700425177037,1.10858013,1.1057270175596228,0.0028531124403772,0.36,0.0024267726601199247
1024,3,840,0.8203125,fixed:0.15,0.15,0.7,0.7,1000000,758128,241872,0.758128,1.0032711967765997,0.0019308960488286,0.9888305081522428,1042.5761603190856,0.0330819673254212,0.0044371088545519,0.0297636514572737,0.1230553824224122,0.90393172,0.9000222157565223,0.0039095042434776,1.00263358,0.9993483974822964,0.0032851825177036,1.10849929,1.1057270175596228,0.0027722724403771,0.48999999999999994,0.003271196776599705
1024,3,840,0.8203125,fixed:0.1,0.1,0.8,0.8,1000000,757625,242375,0.757625,1.004163717362231,0.0019139325129881,0.9801433176763906,1053.6889513334413,0.0403738096454151,0.0057325903556129,0.0386865881867678,0.1596145979856332,0.90543041,0.9000222157565223,0.0054081942434777,1.00333629,0.9993483974822964,0.0039878925177037,1.10999798,1.1057270175596228,0.0042709624403771,0.6400000000000001,0.00416371736223109
1024,3,840,0.8203125,fixed:0.05,0.05,0.9,0.9,1000000,757921,242079,0.757921,1.0054910981184184,0.0018879583818048,0.9668417143340616,1071.0112660734274,0.0525658231842205,0.0041214590725069,0.0495048128446104,0.2044985845307129,0.90771264,0.9000222157565223,0.0076904242434776,1.00482254,0.9993483974822964,0.0054741425177036,1.10989226,1.1057270175596228,0.0041652424403773,0.81,0.005491098118418414
1024,3,840,0.8203125,fixed:0,0.0,1.0,1.0,1000000,758779,241221,0.758779,1.0064552238800757,0.0018567228089212,0.950845675901176,1091.11830027449,0.0621740768677832,0.0061752223243383,0.0610398637244837,0.2530453970611334,0.90998243,0.9000222157565223,0.0099602142434777,1.00550037,0.9993483974822964,0.0061519725177037,1.11057009,1.1057270175596228,0.0048430724403771,1.0,0.006455223880075689
1024,3,850,0.830078125,fixed:0.5,0.5,0.0,0.0,1000000,916127,83873,0.916127,1.0000403785227814,0.0019600231264861,1.0037326911873037,1020.4785292190776,0.0038001553374929,0.0040301077709438,0.0004418975797024,0.0052686511714423,0.8998913,0.9000222157565223,-0.0001309157565223,0.9990052,0.9993483974822964,-0.0003431974822962,1.10598529,1.1057270175596228,0.0002582724403772,0.0,4.037852278138132e-05
1024,3,850,0.830078125,fixed:0.45,0.45,0.0988235294117647,0.0988235294117647,1000000,916308,83692,0.916308,0.9999955822441364,0.0019513164966123,0.9992740044931036,1024.9399994760931,0.0041243305077672,0.0044240400951522,0.000458551277518,0.0054790335697323,0.89988516,0.9000222157565223,-0.0001370557565223,0.99899906,0.9993483974822964,-0.0003493374822962,1.10597914,1.1057270175596228,0.0002521224403773,0.009766089965397922,-4.4177558635727365e-06
1024,3,850,0.830078125,fixed:0.4,0.4,0.2,0.2,1000000,916049,83951,0.916049,1.0001381642385396,0.0019552267439737,1.0012764518388642,1023.181941070928,0.0050280192731511,0.0041434503669026,0.0009552891068054,0.0113791271909259,0.89988977,0.9000222157565223,-0.0001324457565222,0.99979029,0.9993483974822964,0.0004418925177036,1.10598375,1.1057270175596228,0.0002567324403772,0.04000000000000001,0.00013816423853962867
1024,3,850,0.830078125,fixed:0.35,0.35,0.2988235294117647,0.2988235294117647,1000000,916454,83546,0.916454,1.0002096332155572,0.0019626004154858,1.00505252725898,1019.4834388940304,0.0058835256783299,0.0038650614850249,0.0022797909464086,0.0272878527566688,0.90027078,0.9000222157565223,0.0002485642434777,0.99938469,0.9993483974822964,3.629251770365105e-05,1.10636477,1.1057270175596228,0.0006377524403773,0.08929550173010381,0.00020963321555722558
1024,3,850,0.830078125,fixed:0.3,0.3,0.4,0.4,1000000,916178,83822,0.916178,1.0004626488707764,0.0019563023375428,1.0018272659660623,1023.2830504539672,0.0078474951930072,0.0041131335160933,0.0038431482768632,0.0458489212481595,0.90067178,0.9000222157565223,0.0006495642434777,0.99978568,0.9993483974822964,0.0004372825177036,1.10597914,1.1057270175596228,0.0002521224403773,0.16000000000000003,0.0004626488707764054
1024,3,850,0.830078125,fixed:0.25,0.25,0.4988235294117647,0.4988235294117647,1000000,916243,83757,0.916243,1.0006191208404212,0.0019488051960171,0.997987961246567,1027.5410051633207,0.0095880910839127,0.003992222825934,0.0060888673190409,0.0726968172097962,0.90065334,0.9000222157565223,0.0006311242434776,0.99976724,0.9993483974822964,0.0004188425177036,1.10674733,1.1057270175596228,0.0010203124403771,0.2488249134948097,0.0006191208404211501
1024,3,850,0.830078125,fixed:0.2,0.2,0.6,0.6,1000000,915523,84477,0.915523,1.0009378549128098,0.0019490630910984,0.9981200299556516,1028.0596805440484,0.0117513414401096,0.0043130001234987,0.0086509380747397,0.1024058391602423,0.90145071,0.9000222157565223,0.0014284942434776,1.00056461,0.9993483974822964,0.0012162125177037,1.10675808,1.1057270175596228,0.0010310624403773,0.36,0.0009378549128098435
1024,3,850,0.830078125,fixed:0.15,0.15,0.6988235294117647,0.6988235294117647,1000000,916888,83112,0.916888,1.001197868331431,0.0019397932792646,0.9933729363866624,1033.509273659729,0.0142556960349374,0.0049998060607792,0.0116958179494114,0.1407235772140183,0.90181944,0.9000222157565223,0.0017972242434777,1.00014672,0.9993483974822964,0.0007983225177037,1.10712681,1.1057270175596228,0.0013997924403772,0.4883543252595156,0.0011978683314310956
1024,3,850,0.830078125,fixed:0.1,0.1,0.8,0.8,1000000,915851,84149,0.915851,1.0016290208903522,0.0019313439067159,0.9890459918049876,1038.9249599732836,0.0176202817830894,0.0051515609834633,0.0155109941704491,0.1843277302219767,0.90301319,0.9000222157565223,0.0029909742434777,1.00055386,0.9993483974822964,0.0012054625177035,1.10753394,1.1057270175596228,0.0018069224403771,0.6400000000000001,0.0016290208903522174
1024,3,850,0.830078125,fixed:0.05,0.05,0.8988235294117647,0.8988235294117647,1000000,916262,83738,0.916262,1.002180801801264,0.0019135954036531,0.979956939485622,1049.7165258462103,0.0225921058706877,0.0047062901233779,0.0198272826636922,0.2367775999390033,0.90376908,0.9000222157565223,0.0037468642434776,1.00130975,0.9993483974822964,0.0019613525177037,1.10750322,1.1057270175596228,0.0017762024403771,0.8078837370242214,0.0021808018012638986
1024,3,850,0.830078125,fixed:0,0.0,1.0,1.0,1000000,915943,84057,0.915943,1.0026072301447904,0.0018970553566386,0.9714867404977092,1059.7700846429225,0.0265854102090024,0.0054962660136943,0.0245184801062948,0.2916887362895989,0.90535922,0.9000222157565223,0.0053370042434777,1.00211327,0.9993483974822964,0.0027648725177036,1.10830674,1.1057270175596228,0.0025797224403771,1.0,0.0026072301447903623
4096,3,3297,0.804931640625,fixed:0.5,0.5,-0.0003033060357901,0.0003033060357901,300000,29205,270795,0.09735,0.9999436146605032,0.0004947290281564,1.013265014545103,4042.16116538086,0.0068101850875756,0.0032803161908974,0.0046836089710666,0.0051887320346386,0.94953762,0.9493075447102594,0.0002300752897406,0.99992333,0.9998372045498432,8.612545015684869e-05,1.05233256,1.0521289049035325,0.0002036550964674,9.19945513467054e-08,-5.638533949681168e-05
4096,3,3297,0.804931640625,fixed:0.45,0.45,0.0997876857749469,0.0997876857749469,300000,29355,270645,0.09785,0.9999182427252598,0.0004896476434573,1.0028577227792528,4083.901987458006,0.0070230364759596,0.003079533843861,0.0049486169306762,0.0054853593423224,0.94874521,0.9493075447102594,-0.0005623347102593,0.99973797,0.9998372045498432,-9.92345498431746e-05,1.052442631,1.0521289049035325,0.0003137260964674,0.00995758223231954,-8.175727474024619e-05
4096,3,3297,0.804931640625,fixed:0.4,0.4,0.1998786775856839,0.1998786775856839,300000,29311,270689,0.0977033333333333,1.0004379721428815,0.0004916713551234,1.0070025295604392,4071.321730159181,0.0110983860177397,0.0037222143669234,0.0114219447761363,0.0126587465055503,0.948927676,0.9493075447102594,-0.0003798687102593,1.00010256,0.9998372045498432,0.0002653554501568,1.05251179,1.0521289049035325,0.0003828850964675,0.03995148575340177,0.0004379721428815486
4096,3,3297,0.804931640625,fixed:0.35,0.35,0.299969669396421,0.299969669396421,300000,29095,270905,0.0969833333333333,1.0012998820398695,0.0004905867682209,1.0047811641242206,4087.356279129842,0.0243060378432951,0.0028690816934955,0.0224835618949418,0.0248982800925879,0.95123845,0.9493075447102594,0.0019309052897406,1.0010171,0.9998372045498432,0.0011798954501569,1.0534384616000003,1.0521289049035325,0.0013095566964678,0.08998180255779811,0.0012998820398695266
4096,3,3297,0.804931640625,fixed:0.3,0.3,0.400060661207158,0.400060661207158,300000,28774,271226,0.0959133333333333,1.0024725727670811,0.0004875114984595,0.9984826389069196,4122.779718327631,0.0445495870732891,0.0026304429676909,0.042631148027154,0.0471538289402425,0.95189352,0.9493075447102594,0.0025859752897406,1.00227923,0.9998372045498432,0.0024420254501569,1.0540814,1.0521289049035325,0.0019524950964675,0.16004853264550845,0.002472572767081127
4096,3,3297,0.804931640625,fixed:0.25,0.25,0.5001516530178951,0.5001516530178951,300000,29425,270575,0.0980833333333333,1.0034769560968564,0.0004857027954254,0.9947781958646192,4146.428683966836,0.0672591452143376,0.0026778153864985,0.0652709855564995,0.0723691976973108,0.952540054,0.9493075447102594,0.0032325092897406,1.0032819,0.9998372045498432,0.0034446954501567,1.05508407,1.0521289049035325,0.0029551650964674,0.25015167601653293,0.0034769560968563873
4096,3,3297,0.804931640625,fixed:0.2,0.2,0.6002426448286321,0.6002426448286321,300000,29019,270981,0.09673,1.0053787968262171,0.0004854474600854,0.994255238139892,4164.349834808981,0.0988344809157982,0.002678005781094,0.0965021747820393,0.106836466153021,0.954687593,0.9493075447102594,0.0053800482897405,1.00523922,0.9998372045498432,0.0054020154501568,1.05704139,1.0521289049035325,0.0049124850964674,0.3602912326708714,0.005378796826217114
4096,3,3297,0.804931640625,fixed:0.15,0.15,0.6997270245677889,0.6997270245677889,300000,29530,270470,0.0984333333333333,1.0071982744859465,0.0004873107568235,0.9980714957049956,4163.455659136249,0.1329509893540772,0.0030410512585529,0.1311535252285811,0.1454729085243255,0.95658023,0.9493075447102594,0.0072726852897406,1.00716829,0.9998372045498432,0.0073310854501569,1.05937516,1.0521289049035325,0.0072462550964675,0.48961790891049106,0.007198274485946454
4096,3,3297,0.804931640625,fixed:0.1,0.1,0.7998180163785259,0.7998180163785259,300000,28990,271010,0.0966333333333333,1.0092928584867196,0.0004721882621289,0.9670987936104106,4314.686136412352,0.1700922382957877,0.0029915458605809,0.1683848959411291,0.1863970657257619,0.95972855,0.9493075447102594,0.0104210052897406,1.00910249,0.9998372045498432,0.0092652854501569,1.0603198685,1.0521289049035325,0.0081909635964674,0.6397088593236799,0.009292858486719568
4096,3,3297,0.804931640625,fixed:0.05,0.05,0.899909008189263,0.899909008189263,300000,29118,270882,0.09706,1.0117925933141012,0.0004672138517186,0.9569105981541676,4382.251288652463,0.2118380909056284,0.0029951121551399,0.2097438539734871,0.2322899129216639,0.96281975,0.9493075447102594,0.0135122052897406,1.01158664,0.9998372045498432,0.0117494354501568,1.0627473587999996,1.0521289049035325,0.010618453896467,0.809836223020183,0.011792593314101207
4096,3,3297,0.804931640625,fixed:0,0.0,1.0,1.0,300000,28927,271073,0.0964233333333333,1.0144883116178656,0.0004446230140852,0.9106418245013548,4629.479364790351,0.2678785367876187,0.0032773005963142,0.2667592150355492,0.2952258783082961,0.9660562,0.9493075447102594,0.0167486552897406,1.01441839,0.9998372045498432,0.0145811854501567,1.06379233,1.0521289049035325,0.0116634250964675,1.0,0.014488311617865568
4096,3,3318,0.81005859375,fixed:0.5,0.5,0.0,0.0,300000,78469,221531,0.2615633333333333,0.9999337436846396,0.000488675927095,1.0008656079869676,4092.149567108256,0.0045136472356458,0.0027284989484373,0.002727402965927,0.0036934825815715,0.94986186,0.9493075447102594,0.0005543152897405,0.9997276,0.9998372045498432,-0.0001096045498431,1.0520062,1.0521289049035325,-0.0001227049035326,0.0,-6.625631536039123e-05
4096,3,3318,0.81005859375,fixed:0.45,0.45,0.1000602772754671,0.1000602772754671,300000,78719,221281,0.2623966666666666,1.000067519858738,0.0004901889227927,1.0039644006117967,4080.610547371726,0.0034847112537792,0.0025469678957674,0.0019772071545623,0.0026805832690954,0.94944048,0.9493075447102594,0.0001329352897406,0.99990943,0.9998372045498432,7.222545015683757e-05,1.05218802,1.0521289049035325,5.911509646749913e-05,0.010012059088443357,6.751985873809652e-05
4096,3,3318,0.81005859375,fixed:0.4,0.4,0.2001205545509343,0.2001205545509343,300000,78418,221582,0.2613933333333333,1.0005587451397635,0.0004894072436612,1.002363430079299,4091.1441971572954,0.0124099568622552,0.00314636059779,0.0096743045389238,0.0130980465998012,0.94998596,0.9493075447102594,0.0006784152897406,1.00025384,0.9998372045498432,0.0004166354501569,1.05313565,1.0521289049035325,0.0010067450964674,0.04004823635377347,0.0005587451397635057
4096,3,3318,0.81005859375,fixed:0.35,0.35,0.3001808318264014,0.3001808318264014,300000,78833,221167,0.2627766666666666,1.0007735283465045,0.0004860763650146,0.995541399983566,4120.94776510635,0.0165280102398497,0.0033458068417725,0.0155321067742358,0.0210683873827052,0.95049296,0.9493075447102594,0.0011854152897406,1.00055977,0.9998372045498432,0.0007225654501568,1.05263729,1.0521289049035325,0.0005083850964675,0.09010853179599027,0.0007735283465044596
4096,3,3318,0.81005859375,fixed:0.3,0.3,0.4002411091018686,0.4002411091018686,300000,78389,221611,0.2612966666666667,1.0019159377313145,0.0004902822636369,1.0041555736072223,4094.9290673235296,0.0361938329189862,0.0038771458945109,0.0340059783473021,0.0460346891814513,0.95136362,0.9493075447102594,0.0020560752897406,1.0016315,0.9998372045498432,0.0017942954501568,1.05451331,1.0521289049035325,0.0023844050964674,0.16019294541509388,0.0019159377313144876
4096,3,3318,0.81005859375,fixed:0.25,0.25,0.4996986136226642,0.4996986136226642,300000,78257,221743,0.2608566666666667,1.0025453922760903,0.0004848634840885,0.9930572776067714,4145.8979550226495,0.0482300354717303,0.0029774254216128,0.0470825438831882,0.0636988007060267,0.95185206,0.9493075447102594,0.0025445152897406,1.00232101,0.9998372045498432,0.0024838054501568,1.05459961,1.0521289049035325,0.0024707050964674,0.24969870445641265,0.002545392276090297
4096,3,3318,0.81005859375,fixed:0.2,0.2,0.5997588908981314,0.5997588908981314,300000,78672,221328,0.26224,1.0036825213051657,0.0004845307904998,0.9923758821204685,4158.161352488285,0.0700290774501264,0.0032626065221211,0.0672940695546064,0.0912140391924291,0.95314017,0.9493075447102594,0.0038326252897405,1.00360913,0.9998372045498432,0.0037719254501569,1.05548558,1.0521289049035325,0.0033566750964675,0.35971072721135666,0.0036825213051656647
4096,3,3318,0.81005859375,fixed:0.15,0.15,0.6998191681735986,0.6998191681735986,300000,78392,221608,0.2613066666666667,1.004938641791254,0.0004768032149325,0.976548901110074,4236.136175835266,0.0922415073836966,0.0042683186158327,0.091546425145423,0.1239302170662923,0.95499302,0.9493075447102594,0.0056854752897406,1.00465768,0.9998372045498432,0.0048204754501568,1.0561500862999993,1.0521289049035325,0.0040211813964667,0.48974686814318746,0.004938641791254028
4096,3,3318,0.81005859375,fixed:0.1,0.1,0.7998794454490658,0.7998794454490658,300000,78481,221519,0.2616033333333333,1.0065972071757496,0.0004694344779177,0.9614568635377132,4316.844991822234,0.1221320253243954,0.0029275943550088,0.1197432121999804,0.1621665123984585,0.95720952,0.9493075447102594,0.0079019752897406,1.00647204,0.9998372045498432,0.0066348354501568,1.05834849,1.0521289049035325,0.0062195850964674,0.6398071272519049,0.006597207175749631
4096,3,3318,0.81005859375,fixed:0.05,0.05,0.8999397227245328,0.8999397227245328,300000,78227,221773,0.2607566666666667,1.008209474034924,0.0004594112434358,0.9409281038474384,4425.169640741426,0.1516832457421967,0.0033171426502141,0.1509753680954146,0.204229597059265,0.95898539,0.9493075447102594,0.0096778452897406,1.00804684,0.9998372045498432,0.0082096354501568,1.059119,1.0521289049035325,0.0069900950964674,0.809891504537509,0.008209474034923891
4096,3,3318,0.81005859375,fixed:0,0.0,1.0,1.0,300000,78011,221989,0.2600366666666667,1.0102122003476433,0.0004491967417922,0.9200076065792858,4543.793820317732,0.1887157499437424,0.0039584849726876,0.1886492556177974,0.2549440588738146,0.96172813,0.9493075447102594,0.0124205852897406,1.00998529,0.9998372045498432,0.0101480854501567,1.06065532,1.0521289049035325,0.0085264150964674,1.0,0.010212200347643252
4096,3,3338,0.81494140625,fixed:0.5,0.5,0.0,0.0,300000,149834,150166,0.4994466666666666,0.9998510672480212,0.0004876891699649,0.9988428094186436,4099.751309830361,0.0050844609092411,0.0035737094198686,0.0019923152288533,0.0039802256746266,0.94896746,0.9493075447102594,-0.0003400847102593,0.99973362,0.9998372045498432,-0.0001035845498431,1.05209872,1.0521289049035325,-3.0184903532459728e-05,0.0,-0.00014893275197880307
4096,3,3338,0.81494140625,fixed:0.45,0.45,0.1000599161174355,0.1000599161174355,300000,149608,150392,0.4986933333333333,1.0001225931946156,0.0004919175047951,1.0075029193842922,4066.719283896216,0.0051522104712879,0.0029232320496381,0.002726119637096,0.0054380278946274,0.94905559,0.9493075447102594,-0.0002519547102594,1.00002162,0.9998372045498432,0.0001844154501569,1.05258658,1.0521289049035325,0.0004576750964675,0.01001198681342823,0.00012259319461560558
4096,3,3338,0.81494140625,fixed:0.4,0.4,0.2001198322348711,0.2001198322348711,300000,149501,150499,0.4983366666666666,1.0002126972012897,0.0004893243636426,1.002191871787771,4089.007267879481,0.0066984285192921,0.0033911721726228,0.005359366559421,0.010683193694485,0.94931996,0.9493075447102594,1.2415289740608236e-05,1.00008612,0.9998372045498432,0.0002489154501568,1.05245122,1.0521289049035325,0.0003223150964675,0.040047947253712954,0.00021269720128969105
4096,3,3338,0.81494140625,fixed:0.35,0.35,0.3001797483523067,0.3001797483523067,300000,150127,149873,0.5004233333333333,1.0006501949559374,0.0004888345847529,1.0011887489950475,4096.685643350362,0.0146021249009953,0.0033240722913914,0.0114403685324202,0.0229001258380501,0.94956072,0.9493075447102594,0.0002531752897406,1.00052675,0.9998372045498432,0.0006895454501567,1.05269198,1.0521289049035325,0.0005630750964675,0.09010788132085418,0.0006501949559374331
4096,3,3338,0.81494140625,fixed:0.3,0.3,0.4002396644697423,0.4002396644697423,300000,149638,150362,0.4987933333333333,1.0011053047894922,0.0004895007450874,1.0025531210191956,4094.832710003929,0.0222332158500535,0.0030575946979659,0.0198295636135206,0.0395636469590467,0.95017759,0.9493075447102594,0.0008700452897406,1.00094376,0.9998372045498432,0.0011065554501568,1.05330885,1.0521289049035325,0.0011799450964675,0.1601917890148519,0.001105304789492223
4096,3,3338,0.81494140625,fixed:0.25,0.25,0.499700419412822,0.499700419412822,300000,149476,150524,0.4982533333333333,1.0016066143739462,0.0004845631025184,0.9924402682447474,4140.702437901865,0.0305993212994444,0.0040797815177349,0.0301572682348113,0.0601045711676769,0.95123743,0.9493075447102594,0.0019298852897406,1.001404,0.9998372045498432,0.0015667954501568,1.05376909,1.0521289049035325,0.0016401850964675,0.24970050916135023,0.001606614373946158
4096,3,3338,0.81494140625,fixed:0.2,0.2,0.5997603355302576,0.5997603355302576,300000,150087,149913,0.50029,1.0022794445925365,0.0004829981351869,0.9892350374087436,4159.701712569942,0.0423325215993017,0.003313196885673,0.0402325816359844,0.0805118601508564,0.95150083,0.9493075447102594,0.0021932852897406,1.00206713,0.9998372045498432,0.0022299254501567,1.05423236,1.0521289049035325,0.0021034550964675,0.3597124600753672,0.0022794445925364837
4096,3,3338,0.81494140625,fixed:0.15,0.15,0.6998202516476932,0.6998202516476932,300000,149957,150043,0.4998566666666666,1.0032037757190395,0.0004811202343898,0.9853888832934437,4183.643686877118,0.0602892419852533,0.0026177258396637,0.0580262193606611,0.1160191798897539,0.95293982,0.9493075447102594,0.0036322752897406,1.00310638,0.9998372045498432,0.0032691754501568,1.05507174,1.0521289049035325,0.0029428350964675,0.4897483846162407,0.0032037757190395144
4096,3,3338,0.81494140625,fixed:0.1,0.1,0.7998801677651288,0.7998801677651288,300000,149652,150348,0.49884,1.0040171521419026,0.0004730934269862,0.968949070085644,4261.527995503103,0.0755972305288563,0.0047810957104776,0.0762169737791677,0.1520811193614168,0.95455505,0.9493075447102594,0.0052475052897406,1.00392214,0.9998372045498432,0.0040849354501568,1.0552879,1.0521289049035325,0.0031589950964674,0.6398082827839706,0.004017152141902569
4096,3,3338,0.81494140625,fixed:0.05,0.05,0.8999400838825644,0.8999400838825644,300000,149576,150424,0.4985866666666667,1.0052406486455048,0.0004643970143023,0.9511378292133644,4351.917564359697,0.097373877453171,0.0036702122520454,0.0971604503396267,0.1937731685228952,0.9559468,0.9493075447102594,0.0066392552897406,1.00511402,0.9998372045498432,0.0052768154501567,1.05647978,1.0521289049035325,0.0043508750964675,0.8098921545785571,0.005240648645504775
4096,3,3338,0.81494140625,fixed:0,0.0,1.0,1.0,300000,149528,150472,0.4984266666666667,1.0064024386888744,0.0004503514077839,0.9223708318331212,4498.024658489429,0.1190158878904333,0.004324288617521,0.1195709842526706,0.2383918288837869,0.95811439,0.9493075447102594,0.0088068452897406,1.00628229,0.9998372045498432,0.0064450854501567,1.05664872,1.0521289049035325,0.0045198150964675,1.0,0.006402438688874357
4096,3,3359,0.820068359375,fixed:0.5,0.5,-0.0002977076510866,0.0002977076510866,300000,225042,74958,0.75014,1.0000334867618044,0.00048747723106,0.9984068639577302,4103.03050450288,0.0028868823445538,0.0027682842325952,0.0005851293536317,0.0023418288386767,0.94948949,0.9493075447102594,0.0001819452897406,0.99993827,0.9998372045498432,0.0001010654501568,1.05217461,1.0521289049035325,4.570509646750765e-05,8.862984551550078e-08,3.3486761804368825e-05
4096,3,3359,0.820068359375,fixed:0.45,0.45,0.099732063114022,0.099732063114022,300000,225343,74657,0.7511433333333334,0.9999481851199724,0.0004890837267171,1.0016971433570905,4088.85562247675,0.0034568938924962,0.0032202334443387,0.0009450163676411,0.0037974323947159,0.94923269,0.9493075447102594,-7.485471025936441e-05,0.99988008,0.9998372045498432,4.28754501567985e-05,1.0519178,1.0521289049035325,-0.0002111049035324,0.009946484412979267,-5.1814880027589716e-05
4096,3,3359,0.820068359375,fixed:0.4,0.4,0.1997618338791306,0.1997618338791306,300000,225674,74326,0.7522466666666666,1.000169057137774,0.0004897459075867,1.0030533624442468,4085.131197053414,0.0057804700894241,0.002577436066896,0.0033358593664607,0.013464437880933,0.9493607,0.9493075447102594,5.315528974059181e-05,1.0000081,0.9998372045498432,0.0001708954501569,1.05244305,1.0521289049035325,0.0003141450964674,0.03990479027475337,0.0001690571377739314
4096,3,3359,0.820068359375,fixed:0.35,0.35,0.2997916046442394,0.2997916046442394,300000,225497,74503,0.7516566666666666,1.0002754740222264,0.0004903312521391,1.0042522123221709,4081.122790216983,0.0072492293677172,0.0025941440398764,0.0050683726760593,0.0204087325720813,0.9494763,0.9493075447102594,0.0001687552897406,1.0001237,0.9998372045498432,0.0002864954501569,1.05236003,1.0521289049035325,0.0002311250964674,0.08987500621516793,0.0002754740222263852
4096,3,3359,0.820068359375,fixed:0.3,0.3,0.399821375409348,0.399821375409348,300000,225143,74857,0.7504766666666667,1.0005599446663676,0.0004899027922158,1.003374679380971,4087.015705065072,0.0117788035110661,0.0029922467613159,0.0096552842415708,0.0386949152714011,0.94997673,0.9493075447102594,0.0006691852897406,1.0004255,0.9998372045498432,0.0005882954501568,1.05286046,1.0521289049035325,0.0007315550964674,0.15985713223422277,0.0005599446663675511
4096,3,3359,0.820068359375,fixed:0.25,0.25,0.4998511461744567,0.4998511461744567,300000,225445,74555,0.7514833333333333,1.0008120606924082,0.0004885537853108,1.0006117652022894,4100.3664732227135,0.0171331437623619,0.0028369548549703,0.015837507965727,0.0637281522328229,0.9500675,0.9493075447102594,0.0007599552897405,1.0007149,0.9998372045498432,0.0008776954501568,1.05295123,1.0521289049035325,0.0008223250964674,0.24985116833191806,0.0008120606924082452
4096,3,3359,0.820068359375,fixed:0.2,0.2,0.5998809169395654,0.5998809169395654,300000,225741,74259,0.75247,1.0011916147295794,0.0004855570231123,0.9944740673612904,4128.803010528356,0.0236732807096525,0.0024266831233044,0.021766626354982,0.087935306245635,0.95094033,0.9493075447102594,0.0016327852897406,1.00099187,0.9998372045498432,0.0011546654501568,1.05342683,1.0521289049035325,0.0012979250964675,0.3598571145082537,0.0011916147295794044
4096,3,3359,0.820068359375,fixed:0.15,0.15,0.699910687704674,0.699910687704674,300000,225445,74555,0.7514833333333333,1.0015941497301335,0.0004841094556232,0.9915092902903648,4144.479431752432,0.0305951355206944,0.0029214529421504,0.0292392633088632,0.1176551404018371,0.95120489,0.9493075447102594,0.0018973452897406,1.00145506,0.9998372045498432,0.0016178554501569,1.05369139,1.0521289049035325,0.0015624850964675,0.4898749707632297,0.0015941497301334984
4096,3,3359,0.820068359375,fixed:0.1,0.1,0.7999404584697827,0.7999404584697827,300000,225734,74266,0.7524466666666667,1.0021863472943815,0.0004769443769441,0.9768344228747372,4211.717438156568,0.0400838579098689,0.0027988189790545,0.0388361307556681,0.1568798538591071,0.95225151,0.9493075447102594,0.0029439652897406,1.00190582,0.9998372045498432,0.0020686154501567,1.05394354,1.0521289049035325,0.0018146350964673,0.6399047370968461,0.0021863472943814966
4096,3,3359,0.820068359375,fixed:0.05,0.05,0.8999702292348913,0.8999702292348913,300000,225382,74618,0.7512733333333333,1.0027317196705594,0.0004712541345764,0.9651801820702496,4267.213071932298,0.0531141435863943,0.0026536603951966,0.0506668944281264,0.2037051157688217,0.95288849,0.9493075447102594,0.0035809452897406,1.0025428,0.9998372045498432,0.0027055954501569,1.05398466,1.0521289049035325,0.0018557550964675,0.8099464135091029,0.002731719670559407
4096,3,3359,0.820068359375,fixed:0,0.0,1.0,1.0,300000,225909,74091,0.75303,1.0033873015516426,0.000462239750687,0.9467177346446624,4356.120716224653,0.0638785531970942,0.0025434126052336,0.0621681212346564,0.2517233722098085,0.95430751,0.9493075447102594,0.0049999652897406,1.00316735,0.9998372045498432,0.0033301454501568,1.05460922,1.0521289049035325,0.0024803150964674,1.0,0.003387301551642574
4096,3,3379,0.824951171875,fixed:0.5,0.5,-0.0002959455460195,0.0002959455460195,300000,272872,27128,0.9095733333333332,1.00003368541448,0.0004918561582657,1.0073736117828094,4066.503408190448,0.0029551403837717,0.002837215691364,0.0004951814281665,0.0054760553100106,0.94939792,0.9493075447102594,9.03752897406518e-05,0.99974553,0.9998372045498432,-9.167454984315704e-05,1.05226501,1.0521289049035325,0.0001361050964674,8.758376620877999e-08,3.368541448001139e-05
4096,3,3379,0.824951171875,fixed:0.45,0.45,0.0997336490085824,0.0997336490085824,300000,273202,26798,0.9106733333333332,1.0000185261270782,0.0004893871422441,1.0023168049390725,4086.8954914161313,0.0028218510640288,0.0025345118346827,0.0008771279370819,0.0098193290963724,0.94904854,0.9493075447102594,-0.0002590047102593,0.99979104,0.9998372045498432,-4.616454984318619e-05,1.05231051,1.0521289049035325,0.0001816050964675,0.00994680074456711,1.8526127078200005e-05
4096,3,3379,0.824951171875,fixed:0.4,0.4,0.1997632435631843,0.1997632435631843,300000,272989,27011,0.9099633333333332,1.000061317039148,0.000487963460843,0.9994009543372194,4099.170196515215,0.0039900808633679,0.0031068723213876,0.0012153888862432,0.0134988214384134,0.94928666,0.9493075447102594,-2.088471025940564e-05,0.99983172,0.9998372045498432,-5.484549843171038e-06,1.05215376,1.0521289049035325,2.4855096467435445e-05,0.0399053534788841,6.131703914791231e-05
4096,3,3379,0.824951171875,fixed:0.35,0.35,0.2997928381177863,0.2997928381177863,300000,273207,26793,0.91069,1.0001057041221857,0.0004862491274833,0.9958898176781064,4113.987513332461,0.0050111057518175,0.0026160926586452,0.0027219885288444,0.0304779815120862,0.94951997,0.9493075447102594,0.0002124252897406,1.00006503,0.9998372045498432,0.0002278254501568,1.05199218,1.0521289049035325,-0.0001367249035324,0.08987574578671721,0.00010570412218569025
4096,3,3379,0.824951171875,fixed:0.3,0.3,0.3998224326723882,0.3998224326723882,300000,272615,27385,0.9087166666666666,1.0002097951260205,0.0004865860732471,0.996579918361574,4111.994523764156,0.0056112523761805,0.0033046598248199,0.0044914467900396,0.049203360854917,0.94955101,0.9493075447102594,0.0002434652897406,1.00009607,0.9998372045498432,0.0002588654501567,1.0523904583999972,1.0521289049035325,0.0002615534964647,0.1598579776680664,0.00020979512602048445
4096,3,3379,0.824951171875,fixed:0.25,0.25,0.4998520272269902,0.4998520272269902,300000,272817,27183,0.90939,1.0003769819822812,0.000488413814244,1.000323325897507,4097.976252489803,0.0087240983089415,0.0030437553746308,0.0063120956538631,0.069662240965271,0.94977467,0.9493075447102594,0.0004671252897406,1.00012229,0.9998372045498432,0.0002850854501568,1.05244433,1.0521289049035325,0.0003154250964674,0.24985204912293174,0.0003769819822811993
4096,3,3379,0.824951171875,fixed:0.2,0.2,0.5998816217815922,0.5998816217815922,300000,273061,26939,0.9102033333333334,1.0004616616432227,0.0004860265880921,0.9954340333871192,4118.801567408243,0.0097093144172618,0.0039151522648051,0.008931138817578,0.099459580729552,0.94999352,0.9493075447102594,0.0006859752897406,1.00014369,0.9998372045498432,0.0003064854501568,1.05246573,1.0521289049035325,0.0003368250964674,0.35985796015131327,0.0004616616432226994
4096,3,3379,0.824951171875,fixed:0.15,0.15,0.6999112163361941,0.6999112163361941,300000,272837,27163,0.9094566666666668,1.0006758877510746,0.0004835694812786,0.990401617865556,4141.503014949137,0.014152900383149,0.0029941875385264,0.0126377880321705,0.139577234092375,0.95020754,0.9493075447102594,0.0008999952897406,1.00055516,0.9998372045498432,0.0007179554501568,1.05267975,1.0521289049035325,0.0005508450964675,0.48987571075321074,0.0006758877510746331
4096,3,3379,0.824951171875,fixed:0.1,0.1,0.799940810890796,0.799940810890796,300000,272998,27002,0.9099933333333332,1.0008965981015976,0.0004824745436956,0.9881590694921214,4152.733084808683,0.0182715951740383,0.0024136250349408,0.0167578214980818,0.1861842252212628,0.95061419,0.9493075447102594,0.0013066452897406,1.00076436,0.9998372045498432,0.0009271554501568,1.05288896,1.0521289049035325,0.0007600550964674,0.6399053009286243,0.0008965981015975899
4096,3,3379,0.824951171875,fixed:0.05,0.05,0.8999704054453981,0.8999704054453981,300000,272882,27118,0.9096066666666668,1.0011631388964828,0.0004784342966002,0.97988421465794,4190.032519857396,0.0221919406370509,0.0028685582563272,0.0205717284149681,0.2275801506191621,0.95141089,0.9493075447102594,0.0021033452897406,1.00096875,0.9998372045498432,0.0011315454501568,1.05329078,1.0521289049035325,0.0011618750964674,0.8099467306775542,0.001163138896482785
4096,3,3379,0.824951171875,fixed:0,0.0,1.0,1.0,300000,272843,27157,0.9094766666666668,1.0015203769133898,0.0004710766268316,0.9648149261178848,4258.513406275351,0.0292537754912509,0.0034248827702844,0.0260104528123011,0.2873342358762134,0.95200534,0.9493075447102594,0.0026977952897406,1.00116831,0.9998372045498432,0.0013311054501567,1.05289802,1.0521289049035325,0.0007691150964674,1.0,0.0015203769133897982
